{
  "id": "stormdefault",
  "name": "StormDefault",
  "description": "My garuda config",
  "created_at": "2026-02-14T21:51:55.106580Z",
  "updated_at": "2026-02-14T21:54:47.050701Z",
  "author": "shashstormer",
  "version": "1.0.0",
  "presets": {
    "hyprland": "power_saver",
    "waybar": "experimental",
    "hyprlock": "experimental",
    "hypridle": "experimental",
    "wpaperd": "experimental",
    "gammastep": "experimental"
  },
  "dependencies": [
    {
      "name": "brightnessctl",
      "source": "pacman"
    },
    {
      "name": "cliphist",
      "source": "pacman"
    },
    {
      "name": "curl",
      "source": "pacman"
    },
    {
      "name": "dolphin",
      "source": "pacman"
    },
    {
      "name": "foot",
      "source": "pacman"
    },
    {
      "name": "google-chrome-stable",
      "source": "aur"
    },
    {
      "name": "gparted",
      "source": "pacman"
    },
    {
      "name": "grim",
      "source": "pacman"
    },
    {
      "name": "hyprctl",
      "source": "pacman"
    },
    {
      "name": "mpris-proxy",
      "source": "pacman"
    },
    {
      "name": "nm-applet",
      "source": "pacman"
    },
    {
      "name": "nm-connection-editor",
      "source": "pacman"
    },
    {
      "name": "nwg-drawer",
      "source": "pacman"
    },
    {
      "name": "nwgbar",
      "source": "pacman"
    },
    {
      "name": "pactl",
      "source": "pacman"
    },
    {
      "name": "pamixer",
      "source": "pacman"
    },
    {
      "name": "pavucontrol",
      "source": "pacman"
    },
    {
      "name": "playerctl",
      "source": "pacman"
    },
    {
      "name": "playerctld",
      "source": "pacman"
    },
    {
      "name": "thunar",
      "source": "pacman"
    },
    {
      "name": "waybar-module-pacman-updates-git",
      "source": "aur"
    },
    {
      "name": "wl-paste",
      "source": "pacman"
    },
    {
      "name": "yad",
      "source": "pacman"
    }
  ],
  "source_url": null
}